<?xml version="1.0" encoding="UTF-8"?>
<project-private xmlns="http://www.netbeans.org/ns/project-private/1">
    <editor-bookmarks xmlns="http://www.netbeans.org/ns/editor-bookmarks/2" lastBookmarkId="0"/>
    <open-files xmlns="http://www.netbeans.org/ns/projectui-open-files/2">
        <group>
            <file>file:/C:/Users/Windows/Desktop/Engenharia%20da%20Computação/4°%20Período/POO/TRABALHO%20FINAL/main/src/main/Formiga.java</file>
            <file>file:/C:/Users/Windows/Desktop/Engenharia%20da%20Computação/4°%20Período/POO/TRABALHO%20FINAL/main/src/main/grafo1.txt</file>
            <file>file:/C:/Users/Windows/Desktop/Engenharia%20da%20Computação/4°%20Período/POO/TRABALHO%20FINAL/main/src/main/grafo2.txt</file>
            <file>file:/C:/Users/Windows/Desktop/Engenharia%20da%20Computação/4°%20Período/POO/TRABALHO%20FINAL/main/src/main/main.java</file>
            <file>file:/C:/Users/Windows/Desktop/Engenharia%20da%20Computação/4°%20Período/POO/TRABALHO%20FINAL/main/src/main/Aresta.java</file>
            <file>file:/C:/Users/Windows/Desktop/Engenharia%20da%20Computação/4°%20Período/POO/TRABALHO%20FINAL/main/src/main/Configuracao.java</file>
            <file>file:/C:/Users/Windows/Desktop/Engenharia%20da%20Computação/4°%20Período/POO/TRABALHO%20FINAL/main/src/main/Vertice.java</file>
        </group>
    </open-files>
</project-private>
