<?xml version="1.0" encoding="UTF-8"?>
<project-private xmlns="http://www.netbeans.org/ns/project-private/1">
    <editor-bookmarks xmlns="http://www.netbeans.org/ns/editor-bookmarks/2" lastBookmarkId="0"/>
    <open-files xmlns="http://www.netbeans.org/ns/projectui-open-files/2">
        <group>
            <file>file:/C:/Users/Windows/Desktop/Engenharia%20da%20Computação/8°%20Período/Compiladores/Trabalho%20Final/analisador_lexico/src/codigo/Lexer.java</file>
            <file>file:/C:/Users/Windows/Desktop/Engenharia%20da%20Computação/8°%20Período/Compiladores/Trabalho%20Final/analisador_lexico/src/codigo/Pincipal.java</file>
            <file>file:/C:/Users/Windows/Desktop/Engenharia%20da%20Computação/8°%20Período/Compiladores/Trabalho%20Final/analisador_lexico/src/codigo/tela_analisador.java</file>
            <file>file:/C:/Users/Windows/Desktop/Engenharia%20da%20Computação/8°%20Período/Compiladores/Trabalho%20Final/analisador_lexico/src/codigo/Lexer.flex</file>
            <file>file:/C:/Users/Windows/Desktop/Engenharia%20da%20Computação/8°%20Período/Compiladores/Trabalho%20Final/analisador_lexico/src/codigo/Tokens.java</file>
        </group>
    </open-files>
</project-private>
